COUNTY,POPESTIMATE2019
0,4903185
1,55869
3,223234
5,24686
7,22394
9,57826
11,10101
13,19448
15,113605
17,33254
19,26196
21,44428
23,12589
25,23622
27,13235
29,14910
31,52342
33,55241
35,12067
37,10663
39,37049
41,13772
43,83768
45,49172
47,37196
49,71513
51,81209
53,36633
55,102268
57,16302
59,31362
61,26271
63,8111
65,14651
67,17205
69,105882
71,51626
73,658573
75,13805
77,92729
79,32924
81,164542
83,98915
85,9726
87,18068
89,372909
91,18863
93,29709
95,96774
97,413210
99,20733
101,226486
103,119679
105,8923
107,19930
109,33114
111,22722
113,57961
115,89512
117,217702
119,12427
121,79978
123,40367
125,209355
127,63521
129,16326
131,10373
133,23629
0,731545
13,3337
16,5634
20,288000
50,18386
60,836
68,2097
70,4916
90,96849
100,2530
105,2148
110,31974
122,58708
130,13901
150,12998
158,8314
164,1592
170,108317
180,10004
185,9832
188,7621
195,3266
198,6203
220,8493
230,1183
240,6893
261,9202
275,2502
282,579
290,5230
0,7278717
1,71887
3,125922
5,143476
7,54018
9,38837
11,9498
12,21108
13,4485414
15,212181
17,110924
19,1047279
21,462789
23,46498
25,235099
27,213787
0,3017804
1,17486
3,19657
5,41932
7,279141
9,37432
11,10763
13,5189
15,28380
17,10118
19,22320
21,14551
23,24919
25,7956
27,23457
29,20846
31,110332
33,63257
35,47955
37,16419
39,7009
41,11361
43,18219
45,126007
47,17715
49,12477
51,99386
53,18265
55,45325
57,21532
59,33771
61,13202
63,37825
65,13629
67,16719
69,66824
71,26578
73,6624
75,16406
77,8857
79,13024
81,12259
83,21466
85,73309
87,16576
89,16694
91,43257
93,40651
95,6701
97,8986
99,8252
101,7753
103,23382
105,10455
107,17782
109,10718
111,23528
113,19964
115,64072
117,8062
119,391911
121,17958
123,24994
125,122437
127,10281
129,7881
131,127827
133,17007
135,17442
137,12506
139,38682
141,16545
143,239187
145,78753
147,6320
149,21341
0,39512223
1,1671329
3,1129
5,39752
7,219186
9,45905
11,21547
13,1153526
15,27812
17,192843
19,999101
21,28393
23,135558
25,181215
27,18039
29,900202
31,152940
33,64386
35,30573
37,10039107
39,157327
41,258826
43,17203
45,86749
47,277680
49,8841
51,14444
53,434061
55,137744
57,99755
59,3175692
61,398329
63,18807
65,2470546
67,1552058
69,62808
71,2180085
73,3338330
75,881549
77,762148
79,283111
81,766573
83,446499
85,1927852
87,273213
89,180080
91,3005
93,43539
95,447643
97,494336
99,550660
101,96971
103,65084
105,12285
107,466195
109,54478
111,846006
113,220500
115,78668
0,5758736
1,517421
3,16233
5,656590
7,14029
9,3581
11,5577
13,326196
14,70465
15,20356
17,1831
19,9700
21,8205
23,3887
25,6061
27,5068
29,31162
31,727211
33,2055
35,351154
37,55127
39,26729
41,720403
43,47839
45,60061
47,6243
49,15734
51,17462
53,820
55,6897
57,1392
59,582881
61,1406
63,7097
65,8127
67,56221
69,356899
71,14506
73,5701
75,22409
77,154210
79,769
81,13283
83,26183
85,42758
87,29068
89,18278
91,4952
93,18845
95,4265
97,17767
99,12172
101,168424
103,6324
105,11267
107,25638
109,6824
111,728
113,8179
115,2248
117,31011
119,25388
121,4908
123,324492
125,10019
0,3565287
1,943332
3,891720
5,180333
7,162436
9,854757
11,265206
13,150721
15,116782
0,973764
1,180786
3,558753
5,234225
0,705749
1,705749
0,21477737
1,269043
3,29210
5,174705
7,28201
9,601942
11,1952778
13,14105
15,188910
17,149657
19,219252
21,384902
23,71686
27,38001
29,16826
31,957755
33,318316
35,115081
37,12125
39,45660
41,18582
43,13811
45,13639
47,14428
49,26937
51,42022
53,193920
55,106221
57,1471968
59,19617
61,159923
63,46414
65,14246
67,8422
69,367118
71,770577
73,293582
75,41503
77,8354
79,18493
81,403253
83,365579
85,161000
86,2716940
87,74228
89,88625
91,210738
93,42168
95,1393452
97,375751
99,1496770
101,553947
103,974996
105,724777
107,74521
109,264672
111,328297
113,184313
115,433742
117,471826
119,132420
121,44417
123,21569
125,15237
127,553284
129,33739
131,74071
133,25473
0,10617423
1,18386
3,8165
5,11164
7,3038
9,44890
11,19234
13,83240
15,107738
17,16700
19,19397
21,153159
23,12873
25,19109
27,15457
29,39627
31,79608
33,22383
35,24936
37,6189
39,54666
43,10803
45,119992
47,67580
49,13392
51,289430
53,10907
55,24789
57,258773
59,128331
61,2834
63,292256
65,6618
67,760141
69,43273
71,45600
73,156714
75,17270
77,148509
79,12404
81,22372
83,16116
85,26108
87,26404
89,759297
91,20605
93,13390
95,87956
97,146343
99,10190
101,4006
103,64296
105,19194
107,22646
109,10654
111,26188
113,114421
115,98498
117,244252
119,23349
121,1063937
123,31369
125,2971
127,85292
129,57963
131,24633
133,18324
135,936250
137,45328
139,204441
141,8457
143,29792
145,35236
147,26205
149,11923
151,234561
153,157863
155,9416
157,72977
159,14219
161,15115
163,15362
165,8676
167,9643
169,28735
171,19077
173,10423
175,47546
177,29992
179,61435
181,7921
183,19559
185,117406
187,33610
189,21312
191,14378
193,12947
195,29880
197,8359
199,21167
201,5718
205,21863
207,27578
209,9172
211,19276
213,40096
215,195769
217,111744
219,40280
221,15259
223,168667
225,27546
227,32591
229,19465
231,18962
233,42613
235,11137
237,22119
239,2299
241,17137
243,6778
245,202518
247,90896
249,5257
251,13966
253,8090
255,66703
257,25925
259,6621
261,29524
263,6195
265,1537
267,25286
269,8020
271,15860
273,8531
275,44451
277,40644
279,26830
281,12037
283,6901
285,69922
287,7985
289,8120
291,24511
293,26320
295,69761
297,94593
299,35734
301,5254
303,20374
305,29927
307,2607
309,7855
311,30798
313,104628
315,8635
317,9777
319,8954
321,20247
0,1415872
1,201513
3,974563
5,86
7,72293
9,167417
0,1787065
1,481587
3,4294
5,87808
7,6125
9,9298
11,46811
13,23021
15,7831
17,45739
19,119062
21,12245
23,2597
25,1106
27,229849
29,7155
31,24030
33,845
35,8756
37,4315
39,27511
41,13876
43,13099
45,18112
47,15179
49,16667
51,29871
53,24412
55,165697
57,40108
59,8027
61,3838
63,5366
65,39907
67,21039
69,40408
71,4531
73,11823
75,23951
77,7681
79,12882
81,12142
83,86878
85,11392
87,10194
0,12671821
1,65435
3,5761
5,16426
7,53544
9,6578
11,32628
13,4739
15,14305
17,12147
19,209689
21,32304
23,15441
25,13184
27,37562
29,50621
31,5150233
33,18667
35,10766
37,104897
39,15638
41,19465
43,922921
45,17161
47,6395
49,34008
51,21336
53,12961
55,38469
57,34340
59,4828
61,12969
63,51054
65,8116
67,17708
69,3821
71,6646
73,48913
75,27114
77,56750
79,9610
81,37684
83,21773
85,21235
87,12417
89,532403
91,109862
93,128990
95,49699
97,696535
99,108669
101,15678
103,34096
105,35648
107,28618
109,29682
111,307774
113,171517
115,104009
117,44926
119,262966
121,37205
123,11438
125,13359
127,13772
129,12196
131,15437
133,34637
135,28414
137,33658
139,14501
141,50643
143,179179
145,20916
147,16344
149,15561
151,4177
153,5335
155,5739
157,31782
159,15513
161,141879
163,259686
165,23491
167,194672
169,6768
171,4951
173,21634
175,5342
177,44498
179,131803
181,16653
183,75758
185,11520
187,16844
189,13887
191,16215
193,13537
195,55175
197,690743
199,66597
201,282572
203,38459
0,6732219
1,35777
3,379299
5,83779
7,8748
9,11758
11,67843
13,15092
15,20257
17,37689
19,118302
21,26225
23,32399
25,10577
27,33351
29,49458
31,26559
33,43475
35,114135
37,42736
39,206341
41,23102
43,78522
45,16346
47,22758
49,19974
51,33659
53,65769
55,31922
57,338011
59,78168
61,40515
63,170311
65,47972
67,82544
69,36520
71,44231
73,33562
75,20436
77,32308
79,27735
81,158167
83,36594
85,79456
87,39614
89,485493
91,109888
93,45370
95,129569
97,964582
99,46258
101,10255
103,35516
105,148431
107,38338
109,70489
111,13984
113,47744
115,5875
117,19646
119,20799
121,16937
123,19169
125,12389
127,170389
129,25427
131,12353
133,37576
135,24665
137,28324
139,16581
141,271826
143,23873
145,44729
147,20277
149,22995
151,34594
153,20669
155,10751
157,195732
159,15148
161,7054
163,181451
165,15498
167,107038
169,30996
171,8265
173,62998
175,28036
177,65884
179,28296
181,24102
183,33964
0,3155070
1,7152
3,3602
5,13687
7,12426
9,5496
11,25645
13,131228
15,26234
17,25062
19,21175
21,19620
23,14439
25,9668
27,20165
29,12836
31,18627
33,42450
35,11235
37,11933
39,9395
41,16016
43,17549
45,46429
47,16820
49,93453
51,9000
53,7870
55,17011
57,38967
59,17258
61,97311
63,9208
65,19650
67,15642
69,10070
71,6960
73,8888
75,12232
77,10689
79,14773
81,10630
83,16846
85,14049
87,19954
89,9158
91,9558
93,6860
95,16184
97,19439
99,37185
101,18295
103,151140
105,20681
107,10246
109,14813
111,33657
113,226706
115,11035
117,8600
119,11755
121,16338
123,22095
125,33253
127,39369
129,15109
131,10586
133,8615
135,7707
137,9917
139,42664
141,13753
143,5958
145,15107
147,8886
149,25177
151,6619
153,490161
155,93206
157,18504
159,4894
161,9721
163,172943
165,11454
167,34855
169,97117
171,16854
173,6121
175,12241
177,7044
179,34969
181,51466
183,21965
185,6441
187,35904
189,10354
191,19991
193,103107
195,7381
197,12562
0,2913314
1,12369
3,7858
5,16073
7,4427
9,25779
11,14534
13,9564
15,66911
17,2648
19,3250
21,19939
23,2657
25,1994
27,8002
29,8786
31,8179
33,1700
35,34908
37,38818
39,2827
41,18466
43,7600
45,122259
47,2798
49,2530
51,28553
53,6102
55,36467
57,33619
59,25544
61,31670
63,2636
65,2482
67,7150
69,5988
71,1232
73,5982
75,2539
77,5436
79,34429
81,3968
83,1794
85,13171
87,19043
89,2879
91,602401
93,3838
95,7152
97,2475
99,19618
101,1535
103,81758
105,2962
107,9703
109,2794
111,33195
113,28542
115,11884
117,9707
119,4033
121,34237
123,5979
125,31829
127,5620
129,2587
131,10231
133,16007
135,2750
137,5361
139,15949
141,3421
143,5704
145,6414
147,5234
149,24383
151,9164
153,2530
155,61998
157,4636
159,9537
161,74232
163,4920
165,3036
167,6856
169,54224
171,4823
173,516042
175,21428
177,176875
179,2521
181,5917
183,3583
185,4156
187,2006
189,5485
191,22836
193,7777
195,2803
197,6931
199,1518
201,5406
203,2119
205,8525
207,3138
209,165429
0,4467673
1,19202
3,21315
5,22747
7,7888
9,44249
11,12500
13,26032
15,133581
17,19788
19,46718
21,30060
23,8303
25,12630
27,20477
29,81676
31,12879
33,12747
35,39001
37,93584
39,4760
41,10631
43,26797
45,16159
47,70461
49,36263
51,19901
53,10218
55,8806
57,6614
59,101511
61,12150
63,7517
65,14106
67,323152
69,14581
71,35589
73,50991
75,5969
77,8869
79,17666
81,25069
83,37266
85,26427
87,10941
89,35098
91,8722
93,110958
95,26010
97,18886
99,19035
101,45210
103,16126
105,4380
107,44686
109,13329
111,766757
113,54115
115,22188
117,166998
119,14806
121,31145
123,14398
125,60813
127,15317
129,7403
131,9877
133,21553
135,13275
137,24549
139,9194
141,27102
143,8210
145,65418
147,17231
149,9207
151,92987
153,12161
155,19273
157,31100
159,11195
161,17070
163,28572
165,6489
167,21933
169,10071
171,10650
173,28157
175,13309
177,30622
179,46233
181,7269
183,23994
185,66799
187,10901
189,4415
191,14590
193,25758
195,57876
197,12359
199,64979
201,2108
203,16695
205,24460
207,17923
209,57004
211,49024
213,18572
215,19351
217,25769
219,12294
221,14651
223,8471
225,14381
227,132896
229,12095
231,20333
233,12942
235,36264
237,7157
239,26734
0,4648794
1,62045
3,25627
5,126604
7,21891
9,40144
11,37497
13,13241
15,127039
17,240204
19,203436
21,9918
23,6973
25,9494
27,15670
29,19259
31,27463
33,440059
35,6861
37,19135
39,33395
41,20015
43,22389
45,69830
47,32511
49,15744
51,432493
53,31368
55,244390
57,97614
59,14892
61,46742
63,140789
65,10951
67,24874
69,38158
71,390144
73,153279
75,23197
77,21730
79,129648
81,8442
83,20122
85,23884
87,47244
89,53100
91,10132
93,21096
95,42837
97,82124
99,53431
101,49348
103,260419
105,134758
107,4334
109,110461
111,22108
113,59511
115,47429
117,46194
119,38340
121,26465
123,10830
125,15568
127,13904
0,1344212
1,108277
3,67055
5,295003
7,30199
9,54987
11,122302
13,39772
15,34634
17,57975
19,152148
21,16785
23,35856
25,50484
27,39715
29,31379
31,207641
0,6045680
1,70416
3,579234
5,827370
9,92525
11,33406
13,168447
15,102855
17,163257
19,31929
21,259547
23,29014
25,255441
27,325690
29,19422
31,1050688
33,909327
35,50381
37,113510
39,25616
41,37181
43,151049
45,103609
47,52276
510,593490
0,6892503
1,212990
3,124944
5,565217
7,17332
9,789034
11,70180
13,466372
15,160830
17,1611699
19,11399
21,706775
23,521202
25,803907
27,830622
0,9986857
1,10405
3,9108
5,118081
7,28405
9,23324
11,14883
13,8209
15,61550
17,103126
19,17766
21,153401
23,43517
25,134159
27,51787
29,26143
31,25276
33,37349
35,30950
37,79595
39,14029
41,35784
43,25239
45,110268
47,33415
49,405813
51,25449
53,13975
55,93088
57,40711
59,45605
61,35684
63,30981
65,292406
67,64697
69,25127
71,11066
73,69872
75,158510
77,265066
79,18038
81,656955
83,2116
85,11853
87,87607
89,21761
91,98451
93,191995
95,6229
97,10799
99,873972
101,24558
103,66699
105,29144
107,43453
109,22780
111,83156
113,15118
115,150500
117,63888
119,9328
121,173566
123,48980
125,1257584
127,26467
129,20997
131,5720
133,23460
135,8241
137,24668
139,291830
141,12592
143,24019
145,190539
147,159128
149,60964
151,41170
153,8094
155,68122
157,52245
159,75677
161,367601
163,1749343
165,33631
0,5639632
1,15886
3,356921
5,34423
7,47188
9,40889
11,4991
13,67653
15,25008
17,35871
19,105089
21,29779
23,11800
25,56579
27,64222
29,8818
31,5463
33,11196
35,65055
37,429021
39,20934
41,38141
43,13653
45,21067
47,30281
49,46340
51,5972
53,1265843
55,18600
57,21491
59,40596
61,45130
63,9846
65,16337
67,43199
69,4298
71,12229
73,6623
75,10641
77,3740
79,28887
81,5639
83,25474
85,35893
87,5527
89,9336
91,19683
93,23222
95,26277
97,33386
99,40062
101,8194
103,34274
105,21629
107,6375
109,158293
111,58746
113,14119
115,29579
117,9126
119,31364
121,11249
123,550321
125,4055
127,15170
129,14548
131,66972
133,9315
135,15165
137,199070
139,149013
141,97238
143,14865
145,161075
147,36649
149,9805
151,9266
153,24664
155,3259
157,21627
159,13682
161,18612
163,262440
165,10897
167,6207
169,50484
171,138377
173,9709
0,2976149
1,30693
3,36953
5,12297
7,18174
9,8259
11,30628
13,14361
15,9947
17,17103
19,8210
21,8988
23,15541
25,19316
27,22124
29,28065
31,18636
33,184945
35,74897
37,7713
39,24500
41,13586
43,20758
45,47632
47,208080
49,231840
51,17010
53,8064
55,1327
57,23390
59,143617
61,16383
63,6990
65,11128
67,68098
69,9742
71,54019
73,63343
75,74125
77,12586
79,22786
81,85436
83,28183
85,34153
87,58595
89,106272
91,24573
93,35294
95,35252
97,9775
99,29118
101,21018
103,10417
105,49587
107,34192
109,55535
111,11973
113,39288
115,32174
117,25126
119,6792
121,155271
123,28124
125,4321
127,26658
129,15916
131,18336
133,25110
135,13809
137,28321
139,22015
141,19383
143,9632
145,28815
147,14286
149,45381
151,43909
153,20183
155,9689
157,8630
159,17955
161,12108
163,29690
0,6137428
1,25343
3,17712
5,5143
7,25388
9,35789
11,11754
13,16172
15,19443
17,12133
19,180463
21,87364
23,42478
25,9020
27,44743
29,46305
31,78871
33,8679
35,5982
37,105780
39,14349
41,7426
43,88595
45,6797
47,249948
49,20387
51,76745
53,17709
55,23920
57,7561
59,16878
61,8278
63,12547
65,15573
67,13185
69,29131
71,103967
73,14706
75,6571
77,293086
79,9850
81,8352
83,21824
85,9544
87,4403
89,10001
91,40117
93,10125
95,703011
97,121328
99,225081
101,54062
103,3959
105,35723
107,32708
109,38355
111,9776
113,59013
115,11920
117,15227
119,22837
121,15117
123,12088
125,8697
127,28530
129,3617
131,25619
133,13180
135,16132
137,8644
139,11551
141,20627
143,17076
145,58236
147,22092
149,10529
151,13615
153,9174
155,15805
157,19136
159,42339
161,44573
163,18302
165,104418
167,32149
169,52607
171,4696
173,10309
175,24748
177,23018
179,6270
181,13288
183,402022
185,9397
186,17894
187,67215
189,994205
195,22761
197,4660
199,4902
201,38280
203,8166
205,5930
207,29025
209,31952
211,6089
213,55928
215,25398
217,20563
219,35649
221,24730
223,12873
225,39592
227,2013
229,18289
510,300576
0,1068778
1,9453
3,13319
5,6681
7,6237
9,10725
11,1252
13,81366
15,5635
17,11402
19,1690
21,8613
23,9140
25,2846
27,11050
29,103806
31,114434
33,1258
35,13753
37,821
39,3379
41,16484
43,12221
45,2007
47,30458
49,69432
51,2337
53,19980
55,1664
57,8600
59,1862
61,4397
63,119600
65,4633
67,16606
69,487
71,3954
73,5911
75,1682
77,6890
79,1077
81,43806
83,10803
85,11004
87,8937
89,12113
91,3309
93,34915
95,9642
97,3737
99,6147
101,4736
103,696
105,7396
107,2126
109,969
111,161300
0,1934408
1,31363
3,6298
5,463
7,745
9,465
11,5192
13,10783
15,1919
17,2955
19,49659
21,6459
23,8016
25,26248
27,8402
29,3924
31,5689
33,8910
35,6203
37,10709
39,8846
41,10777
43,20026
45,8589
47,23595
49,1794
51,5636
53,36565
55,571327
57,1693
59,5462
61,2979
63,2627
65,4676
67,21513
69,1837
71,1969
73,1990
75,623
77,2356
79,61353
81,9324
83,3380
85,922
87,2762
89,10067
91,682
93,6445
95,7046
97,5071
99,6495
101,8034
103,806
105,3632
107,8332
109,319090
111,34914
113,748
115,664
117,494
119,35099
121,7755
123,4642
125,3519
127,6972
129,4148
131,16012
133,2613
135,2891
137,9034
139,7148
141,33470
143,5213
145,10724
147,7865
149,1357
151,14224
153,187196
155,21578
157,35618
159,17284
161,5246
163,3001
165,1166
167,5920
169,5003
171,722
173,7224
175,4158
177,20729
179,9385
181,3487
183,783
185,13679
0,3080156
1,24909
3,2266715
5,48905
7,52778
9,873
11,2029
13,16831
15,5532
17,5183
19,57510
21,4505
23,46523
27,6725
29,4123
31,471519
33,9580
510,55916
0,1359711
1,61303
3,48910
5,76085
7,31563
9,89886
11,417025
13,151391
15,309769
17,130633
19,43146
0,8882190
1,263670
3,932202
5,445349
7,506471
9,92039
11,149527
13,798975
15,291636
17,672391
19,124371
21,367430
23,825062
25,618795
27,491845
29,607186
31,501826
33,62385
35,328934
37,140488
39,556341
41,105267
0,2096829
1,679121
3,3527
5,64615
6,26675
7,11941
9,48954
11,1748
13,218195
15,58460
17,26998
19,4300
21,625
23,4198
25,71070
27,19572
28,19369
29,23709
31,71367
33,4521
35,67490
37,8253
39,38921
41,18500
43,146748
45,123958
47,27277
49,150358
51,10791
53,16637
55,32723
57,15461
59,4059
61,76688
0,19453561
1,305506
3,46091
5,1418207
7,190488
9,76117
11,76576
13,126903
15,83456
17,47207
19,80485
21,59461
23,47581
25,44135
27,294218
29,918702
31,36885
33,50022
35,53383
37,57280
39,47188
41,4416
43,61319
45,109834
47,2559903
49,26296
51,62914
53,70941
55,741770
57,49221
59,1356924
61,1628706
63,209281
65,228671
67,460528
69,109777
71,384940
73,40352
75,117124
77,59493
79,98320
81,2253858
83,158714
85,476143
87,325789
89,107740
91,229863
93,155299
95,30999
97,17807
99,34016
101,95379
103,1476601
105,75432
107,48203
109,102180
111,177573
113,63944
115,61204
117,89918
119,967506
121,39859
123,24913
0,10488084
1,169509
3,37497
5,11137
7,24446
9,27203
11,17557
13,46994
15,18947
17,32722
19,142820
21,261191
23,90485
25,216453
27,82178
29,10867
31,69473
33,22604
35,159551
37,74470
39,28612
41,13943
43,11231
45,97947
47,55508
49,102139
51,335509
53,27763
55,37009
57,167609
59,42846
61,58741
63,321488
65,51472
67,382295
69,69685
71,224529
73,11562
75,8441
77,60443
79,21069
81,537174
83,50010
85,135976
87,62317
89,117417
91,23677
93,55234
95,4937
97,181806
99,43938
101,209339
103,9419
105,61779
107,55949
109,86111
111,45756
113,35858
115,21755
117,22440
119,1110356
121,14964
123,27173
125,100880
127,94298
129,234473
131,19483
133,197938
135,148476
137,12726
139,39824
141,63060
143,13463
145,39490
147,180742
149,20724
151,143667
153,44829
155,130625
157,91010
159,142088
161,67029
163,63531
165,34823
167,62806
169,45591
171,71783
173,14271
175,34385
177,4016
179,239859
181,44535
183,1111761
185,19731
187,11580
189,56177
191,123131
193,68412
195,81801
197,37667
199,18069
0,762062
1,2216
3,10415
5,6832
7,928
9,6282
11,3024
13,2115
15,95626
17,181923
19,3762
21,4872
23,2264
25,4424
27,2287
29,3241
31,3210
33,1761
35,69451
37,2274
39,2231
41,2499
43,2480
45,4046
47,1850
49,5745
51,2497
53,15024
55,9450
57,8187
59,31364
61,10545
63,2879
65,1959
67,6801
69,3975
71,11519
73,5218
75,2327
77,16177
79,14176
81,3898
83,1315
85,4230
87,750
89,31489
91,1890
93,20704
95,2189
97,8036
99,10641
101,67641
103,3834
105,37589
0,11689100
1,27698
3,102351
5,53484
7,97241
9,65327
11,45656
13,67006
15,43432
17,383134
19,26914
21,38885
23,134083
25,206428
27,41968
29,101883
31,36600
33,41494
35,1235072
37,51113
39,38087
41,209177
43,74266
45,157574
47,28525
49,1316756
51,42126
53,29898
55,93649
57,168937
59,38875
61,817473
63,75783
65,31365
67,15040
69,27006
71,43161
73,28264
75,43960
77,58266
79,32413
81,65325
83,62322
85,230149
87,59463
89,176862
91,45672
93,309833
95,428348
97,44731
99,228683
101,65093
103,179746
105,22907
107,41172
109,106987
111,13654
113,531687
115,14508
117,35328
119,86215
121,14424
123,40525
125,18672
127,36134
129,58457
131,27772
133,162466
135,40882
137,33861
139,121154
141,76666
143,58518
145,75314
147,55178
149,48590
151,370606
153,541013
155,197974
157,91987
159,58988
161,28275
163,13085
165,234602
167,59911
169,115710
171,36692
173,130817
175,21772
0,3956971
1,22194
3,5702
5,13758
7,5311
9,21859
11,9429
13,47995
15,28762
17,148306
19,48111
21,48657
23,14672
25,2137
27,284014
29,5495
31,120749
33,5666
35,14142
37,71522
39,29003
41,43009
43,4891
45,3859
47,61056
49,27711
51,55834
53,4333
55,5712
57,2653
59,3688
61,12627
63,13279
65,24530
67,6002
69,11085
71,43538
73,15765
75,8708
77,10073
79,49853
81,34877
83,48011
85,10253
87,40474
89,32832
91,19596
93,7629
95,16931
97,41100
99,14073
101,67997
103,11131
105,10076
107,11993
109,797434
111,38465
113,46963
115,31127
117,16376
119,81784
121,43654
123,38284
125,72592
127,11096
129,3583
131,92459
133,24258
135,41569
137,43143
139,19983
141,7250
143,651552
145,81289
147,51527
149,10916
151,8793
153,20211
0,4217737
1,16124
3,93053
5,418187
7,40224
9,52354
11,64487
13,24404
15,22925
17,197692
19,110980
21,1912
23,7199
25,7393
27,23382
29,220944
31,24658
33,87487
35,68238
37,7869
39,382067
41,49962
43,129749
45,30571
47,347818
49,11603
51,812855
53,86085
55,1780
57,27036
59,77950
61,26835
63,7208
65,26682
67,601592
69,1332
71,107100
0,12801989
1,103009
3,1216045
5,64735
7,163929
9,47888
11,421164
13,121829
15,60323
17,628270
19,187853
21,130192
23,4447
25,64182
27,162385
29,524989
31,38438
33,79255
35,38632
37,64964
39,84629
41,253370
43,278299
45,566747
47,29910
49,269728
51,129274
53,7247
55,155027
57,14530
59,36233
61,45144
63,84073
65,43425
67,24763
69,209674
71,545724
73,85512
75,141793
77,369318
79,317417
81,113299
83,40625
85,109424
87,46138
89,170271
91,830915
93,18230
95,305285
97,90843
99,46272
101,1584064
103,55809
105,16526
107,141359
109,40372
111,73447
113,6066
115,40328
117,40591
119,44923
121,50668
123,39191
125,206865
127,51361
129,348899
131,26794
133,449058
0,1059361
1,48479
3,164292
5,82082
7,638931
9,125577
0,5148714
1,24527
3,170872
5,8688
7,202558
9,14066
11,20866
13,192122
15,227907
17,14553
19,411406
21,57300
23,32244
25,45650
27,33745
29,37677
31,66618
33,30479
35,162809
37,27260
39,22347
41,138293
43,62680
45,523542
47,70811
49,19222
51,354081
53,30073
55,66551
57,98012
59,67493
61,16828
63,298750
65,9463
67,30657
69,26118
71,38440
73,79546
75,86175
77,126884
79,415759
81,20473
83,319785
85,106721
87,27316
89,30368
91,280979
0,884659
3,2751
5,18453
7,3365
9,6901
11,35077
13,38839
15,5297
17,1962
19,10429
21,1376
23,9292
25,3736
27,14070
29,28009
31,4086
33,8972
35,19775
37,5424
39,4351
41,5892
43,2921
45,3829
47,6713
49,2299
51,7052
53,4185
55,1899
57,6164
59,3191
61,3453
63,1298
65,17526
67,7291
69,1301
71,3344
73,2013
75,903
77,4939
79,12797
81,25844
83,61128
85,3781
87,5586
89,2379
91,4935
93,28332
95,2061
97,2216
99,193134
101,6576
102,14177
103,113775
105,2865
107,2153
109,10394
111,2344
115,6376
117,3098
119,1391
121,10177
123,5441
125,8384
127,15932
129,5435
135,22814
137,2756
0,6829174
1,76978
3,49713
5,16160
7,15064
9,133088
11,108110
13,39842
15,14678
17,27767
19,56391
21,40667
23,17297
25,31959
27,7615
29,36004
31,56520
33,14230
35,60520
37,694144
39,11663
41,20490
43,53948
45,37159
47,41133
49,18523
51,42208
53,49133
55,29464
57,23320
59,69069
61,13427
63,64934
65,367804
67,6620
69,25050
71,25652
73,56786
75,17304
77,28117
79,32345
81,25178
83,8201
85,18582
87,11786
89,54495
91,17788
93,470313
95,7016
97,25633
99,44142
101,12268
103,34366
105,54068
107,53794
109,25694
111,24602
113,97984
115,28907
117,34375
119,96387
121,12422
123,46545
125,208993
127,6488
129,21403
131,30069
133,22241
135,8076
137,5048
139,16832
141,80245
143,33167
145,53382
147,71813
149,332285
151,22068
153,15026
155,98250
157,937166
159,20157
161,13715
163,158348
165,191283
167,61599
169,11284
171,17883
173,19972
175,5872
177,41277
179,129375
181,16673
183,33328
185,27345
187,238412
189,144657
0,28995881
1,57735
3,18705
5,86715
7,23510
9,8553
11,1887
13,51153
15,30032
17,7000
19,23112
21,88723
23,3509
25,32565
27,362924
29,2003554
31,11931
33,654
35,18685
37,93245
39,374264
41,229211
43,9203
45,1546
47,7093
49,37864
51,18443
53,48155
55,43664
57,21290
59,13943
61,423163
63,13094
65,5926
67,30026
69,7530
71,43837
73,52646
75,7306
77,10471
79,2853
81,3387
83,8175
85,1034730
87,2920
89,21493
91,156209
93,13635
95,2726
97,41257
99,75951
101,1398
103,4797
105,3464
107,5737
109,2171
111,7287
113,2635516
115,12728
117,18546
119,5331
121,887207
123,20160
125,2211
127,10124
129,3278
131,11157
133,18360
135,166223
137,1932
139,184826
141,839238
143,42698
145,17297
147,35514
149,25346
151,3830
153,5712
155,1155
157,811688
159,10725
161,19717
163,20306
165,21492
167,342139
169,6229
171,26988
173,1409
175,7658
177,20837
179,21886
181,136212
183,123945
185,28880
187,166847
189,33406
191,2964
193,8461
195,5399
197,3933
199,57602
201,4713325
203,66553
205,5576
207,5658
209,230191
211,3819
213,82737
215,868707
217,36649
219,23021
221,61643
223,37084
225,22968
227,36664
229,4886
231,98594
233,20938
235,1536
237,8935
239,14760
241,35529
243,2274
245,251565
247,5200
249,40482
251,175817
253,20083
255,15601
257,136154
259,47431
261,404
263,762
265,52600
267,4337
269,272
271,3667
273,30680
275,3664
277,49859
279,12893
281,21428
283,7520
285,20154
287,17239
289,17404
291,88219
293,23437
295,3233
297,12207
299,21795
301,169
303,310569
305,5951
307,7984
309,256623
311,743
313,14284
315,9854
317,5771
319,4274
321,36643
323,58722
325,51584
327,2138
329,176832
331,24823
333,4873
335,8545
337,19818
339,607391
341,20940
343,12388
345,1200
347,65204
349,50113
351,13595
353,14714
355,362294
357,9836
359,2112
361,83396
363,29189
365,23194
367,142878
369,9605
371,15823
373,51353
375,117415
377,6704
379,12514
381,137713
383,3849
385,3452
387,12023
389,15976
391,6948
393,854
395,17074
397,104915
399,10264
401,54406
403,10542
405,8237
407,28859
409,66730
411,6055
413,2793
415,16703
417,3265
419,25274
421,3022
423,232751
425,9128
427,64633
429,9366
431,1291
433,1350
435,3776
437,7397
439,2102515
441,138034
443,776
445,12337
447,1501
449,32750
451,119200
453,1273954
455,14651
457,21672
459,41753
461,3657
463,26741
465,49025
467,56590
469,92084
471,72971
473,55246
475,11998
477,35882
479,276652
481,41556
483,5056
485,132230
487,12769
489,21358
491,590551
493,51070
495,8010
497,69984
499,45539
501,8713
503,18010
505,14179
507,11840
0,3205958
1,6710
3,56046
5,128289
7,20463
9,950
11,355481
13,19938
15,10012
17,5051
19,9754
21,54839
23,12017
25,7886
27,13188
29,12124
31,1479
33,2483
35,1160437
37,15308
39,30939
41,21620
43,42145
45,72259
47,35734
49,636235
51,34091
53,177556
55,2711
57,260213
0,623989
1,36777
3,35470
5,29993
7,163774
9,6163
11,49402
13,7235
15,25362
17,28892
19,27037
21,58191
23,58409
25,42222
27,55062
0,8535519
1,32316
3,109330
5,14860
7,13145
9,31605
11,15911
13,236842
15,75558
17,4147
19,78997
21,6280
23,33419
25,16231
27,21004
29,17148
31,54885
33,30725
35,29791
36,6963
37,11880
41,352802
43,14619
45,5131
47,52605
49,9932
51,14318
53,28544
57,10953
59,1147532
61,71222
63,15749
65,27270
67,56042
69,89313
71,16720
73,37348
75,23753
77,15550
79,19819
81,11336
83,33911
85,107766
87,330818
89,50557
91,2190
93,37109
95,76523
97,7025
99,26836
101,17148
103,10603
105,23423
107,413538
109,37591
111,12196
113,13261
115,8834
117,30587
119,10582
121,98535
125,14930
127,23091
131,11710
133,12095
135,15232
137,37051
139,23902
141,17608
143,60354
145,29652
147,22802
149,38353
153,470335
155,34027
157,7370
159,9023
161,94186
163,22573
165,81948
167,26586
169,21566
171,43616
173,30104
175,17631
177,136215
179,152882
181,6422
183,11159
185,40595
187,40164
191,53740
193,18015
195,37383
197,28684
199,68280
510,159428
520,16762
530,6478
540,47266
550,244835
570,17370
580,5538
590,40044
595,5346
600,24019
610,14617
620,7967
630,29036
640,6347
650,134510
660,53016
670,22529
678,7446
680,82168
683,41085
685,17478
690,12554
700,179225
710,242742
720,3981
730,31346
735,12271
740,94398
750,18249
760,230436
770,99143
775,25301
790,24932
800,92108
810,449974
820,22630
830,14954
840,28078
0,7614893
1,19983
3,22582
5,204390
7,77200
9,77331
11,488241
13,3985
15,110593
17,43429
19,7627
21,95222
23,2225
25,97733
27,75061
29,85141
31,32221
33,2252782
35,271473
37,47935
39,22425
41,80707
43,10939
45,66768
47,42243
49,22471
51,13724
53,904980
55,17582
57,129205
59,12083
61,822083
63,522798
65,45723
67,290536
69,4488
71,60760
73,229247
75,50104
77,250873
0,1792147
1,16441
3,119171
5,21457
7,13957
9,21939
11,91945
13,7109
15,8508
17,8448
19,42406
21,7823
23,11568
25,34662
27,23175
29,28810
31,13776
33,67256
35,28576
37,57146
39,178124
41,15907
43,20409
45,32019
47,17624
49,56072
51,30531
53,26516
55,58758
57,26868
59,23424
61,105612
63,13275
65,17884
67,24496
69,41411
71,6969
73,7460
75,8247
77,33432
79,56450
81,73361
83,28695
85,9554
87,13688
89,12573
91,16695
93,6839
95,8591
97,24176
99,39402
101,8114
103,15065
105,5821
107,83518
109,20394
0,5822434
1,20220
3,15562
5,45244
7,15036
9,264542
11,13031
13,15414
15,50089
17,64658
19,34774
21,57532
23,16131
25,546695
27,87839
29,27668
31,43150
33,45368
35,104646
37,4295
39,103403
41,9004
43,51439
45,36960
47,18913
49,23678
51,5687
53,20643
55,84769
57,26687
59,169561
61,20434
63,118016
65,16665
67,19189
69,27593
71,78981
73,135692
75,40350
77,15574
78,4556
79,945726
81,46253
83,37930
85,35595
87,187885
89,89221
91,7287
93,42754
95,43783
97,70772
99,13351
101,196311
103,17252
105,163354
107,14178
109,90687
111,64442
113,16558
115,40899
117,115340
119,20343
121,29649
123,30822
125,22195
127,103868
129,15720
131,136034
133,404198
135,50990
137,24443
139,171907
141,72999
0,578759
1,38880
3,11790
5,46341
7,14800
9,13822
11,7584
13,39261
15,13211
17,4413
19,8445
21,99500
23,19830
25,79858
27,2356
29,29194
31,8393
33,30485
35,9831
37,42343
39,23464
41,20226
43,7805
45,6927